{
  "train": {
    "fitted_k1": {
      "mae": 1.1114630989927643,
      "rmse": 1.4139675165032113,
      "r2": 0.9986626293011378
    },
    "fitted_k2": {
      "mae": 0.01674134450487889,
      "rmse": 0.021146056063231472,
      "r2": 0.9997703356317509
    },
    "overall": {
      "mae_mean": 0.5641022217488216,
      "rmse_mean": 0.7175567862832214,
      "r2_mean": 0.9992164824664443
    }
  },
  "val": {
    "fitted_k1": {
      "mae": 2.8454368519820172,
      "rmse": 4.063261030922798,
      "r2": 0.9847039404411851
    },
    "fitted_k2": {
      "mae": 0.057379430494018065,
      "rmse": 0.07862724603890289,
      "r2": 0.9967263816815564
    },
    "overall": {
      "mae_mean": 1.4514081412380178,
      "rmse_mean": 2.0709441384808507,
      "r2_mean": 0.9907151610613707
    }
  },
  "test": {
    "fitted_k1": {
      "mae": 2.868713565452966,
      "rmse": 4.696133544424951,
      "r2": 0.980363501280665
    },
    "fitted_k2": {
      "mae": 0.06113925046158375,
      "rmse": 0.08505646666505527,
      "r2": 0.9957611717948386
    },
    "overall": {
      "mae_mean": 1.4649264079572748,
      "rmse_mean": 2.390595005545003,
      "r2_mean": 0.9880623365377518
    }
  },
  "training": {
    "best_epoch": 3927,
    "best_val_loss": 0.007749518254114509,
    "max_epochs": 4000,
    "batch_size": 64,
    "learning_rate": 0.001,
    "weight_decay": 1e-05,
    "hidden_layer_widths": [
      64,
      64,
      32
    ],
    "standardize_inputs": true,
    "standardize_targets": true
  }
}